,Businesses,Debt Risk Score,Walk Score,Population,Average Income,Number of Cafes,Number of Parks/Playgrounds,Euclidean Distance
Centroid 0,-0.11348146506068087,0.18392436462038123,1.3666387492974328,-0.9333578475771046,0.12006963206174207,2.1030094480477364,-0.3044210510272573,2.7046815318921325
Centroid 1,-0.32440656876230234,1.2607378702295948,-0.10813949815692457,0.01630304540783129,0.3916024875650011,-0.5254461579571803,0.019245008972987438,1.4616689376147445
Centroid 2,-0.1886191610588129,-0.4647894529242342,-0.6816796580111426,0.057142043416313994,-0.33741605087884124,-0.4008211076724645,-0.5148039900274163,1.1220913922826081
Centroid 3,0.9428219376089778,-0.17298327920710693,-0.5757487577742157,2.078678491474941,-0.4601719132397058,-0.5254461579571805,-0.3367876570272818,2.484452677048541
Centroid 4,-0.1495533771901277,0.790274855461165,1.320414356466774,-0.2807078491993155,0.786692474950211,0.1392207768946376,3.104861447641987,3.570381438037782
Centroid 5,0.26643722236720285,1.4215290271757668,1.150924916087691,-0.914492334727465,6.890640230840774,-0.5254461579571805,-0.6928203230275509,7.244975805142909
Centroid 6,6.091905580014282,0.6354389265500363,2.4220957189308128,-1.1936051786823898,0.06739160324190725,1.468554646598274,0.7313103409735259,6.892194600595104
Centroid 7,-0.2612841856609748,-0.9635398008591202,-0.007252926502708577,-0.41766018542872924,-0.36182912587605504,-0.2761960573877487,0.7313103409735259,1.3831812615181522
